{"1": {"train_acc": 0.6363636363636364, "test_acc": 0.3144751128635922, "train_loss": 10.045259475708008, "test_loss": 26.860860555068307}, "2": {"train_acc": 0.6464646464646465, "test_acc": 0.33716212354991715, "train_loss": 4.42697811126709, "test_loss": 13.68261392220207}, "3": {"train_acc": 0.6262626262626263, "test_acc": 0.31264643693925365, "train_loss": 3.8377201557159424, "test_loss": 12.267623548922332}, "4": {"train_acc": 0.5757575757575758, "test_acc": 0.37665009429110236, "train_loss": 4.953320503234863, "test_loss": 11.981950065364009}, "5": {"train_acc": 0.7676767676767676, "test_acc": 0.28555917480998916, "train_loss": 2.497887134552002, "test_loss": 7.414554678875467}, "6": {"train_acc": 0.7272727272727273, "test_acc": 0.28121606948968514, "train_loss": 2.341906785964966, "test_loss": 6.1682804615601246}, "7": {"train_acc": 0.696969696969697, "test_acc": 0.207497571289788, "train_loss": 1.9466584920883179, "test_loss": 11.24731239028599}, "8": {"train_acc": 0.6060606060606061, "test_acc": 0.34556260357734725, "train_loss": 3.2027292251586914, "test_loss": 9.603789205136506}, "9": {"train_acc": 0.6060606060606061, "test_acc": 0.43322475570032576, "train_loss": 3.141125202178955, "test_loss": 3.3907182268474414}, "10": {"train_acc": 0.40404040404040403, "test_acc": 0.6219783987656438, "train_loss": 4.20396089553833, "test_loss": 2.4956884332325147}, "11": {"train_acc": 0.46464646464646464, "test_acc": 0.46974112806446083, "train_loss": 2.5700395107269287, "test_loss": 2.921189142310101}, "12": {"train_acc": 0.5050505050505051, "test_acc": 0.5198582776158638, "train_loss": 2.3109445571899414, "test_loss": 2.73262169568435}, "13": {"train_acc": 0.42424242424242425, "test_acc": 0.5274015658037602, "train_loss": 2.482905387878418, "test_loss": 2.4564618921798207}, "14": {"train_acc": 0.4444444444444444, "test_acc": 0.48974227098691353, "train_loss": 3.563142776489258, "test_loss": 3.5891544922538428}, "15": {"train_acc": 0.6060606060606061, "test_acc": 0.4421966969541117, "train_loss": 1.8660268783569336, "test_loss": 2.8336189518804136}, "16": {"train_acc": 0.6666666666666666, "test_acc": 0.3369906851820104, "train_loss": 2.157792568206787, "test_loss": 3.5260759047839954}, "17": {"train_acc": 0.3939393939393939, "test_acc": 0.6042631007486142, "train_loss": 2.569610595703125, "test_loss": 2.237265133339426}, "18": {"train_acc": 0.45454545454545453, "test_acc": 0.5056860392022401, "train_loss": 2.307219982147217, "test_loss": 2.425983657007632}, "19": {"train_acc": 0.5555555555555556, "test_acc": 0.4582547574147094, "train_loss": 3.3003857135772705, "test_loss": 2.804635597311932}, "20": {"train_acc": 0.48484848484848486, "test_acc": 0.4924281387507858, "train_loss": 2.0440618991851807, "test_loss": 3.2301388149676113}, "21": {"train_acc": 0.5959595959595959, "test_acc": 0.3177895879764558, "train_loss": 2.0008163452148438, "test_loss": 2.44176862809969}, "22": {"train_acc": 0.45454545454545453, "test_acc": 0.5571746956968969, "train_loss": 2.0160305500030518, "test_loss": 2.2217058228409807}, "23": {"train_acc": 0.4444444444444444, "test_acc": 0.5902623007028973, "train_loss": 2.1842448711395264, "test_loss": 2.1061108915702156}, "24": {"train_acc": 0.6565656565656566, "test_acc": 0.3846505514600834, "train_loss": 1.959108591079712, "test_loss": 2.226511159668798}, "25": {"train_acc": 0.5757575757575758, "test_acc": 0.3943082461854963, "train_loss": 2.028153419494629, "test_loss": 2.1619561832884084}, "26": {"train_acc": 0.7070707070707071, "test_acc": 0.3809931996114064, "train_loss": 1.977005958557129, "test_loss": 2.1744773387908936}, "27": {"train_acc": 0.5050505050505051, "test_acc": 0.5477455854620265, "train_loss": 2.049262523651123, "test_loss": 2.1112035331518753}, "28": {"train_acc": 0.46464646464646464, "test_acc": 0.49294245385450597, "train_loss": 2.0870509147644043, "test_loss": 2.1197349506875742}, "29": {"train_acc": 0.47474747474747475, "test_acc": 0.46494085376307215, "train_loss": 2.124692916870117, "test_loss": 2.0821238367453865}, "30": {"train_acc": 0.48484848484848486, "test_acc": 0.5731756100348592, "train_loss": 2.1047778129577637, "test_loss": 2.072869712891786}, "31": {"train_acc": 0.5656565656565656, "test_acc": 0.3662494999714269, "train_loss": 2.066253185272217, "test_loss": 2.149681135364201}, "32": {"train_acc": 0.6565656565656566, "test_acc": 0.43042459569118235, "train_loss": 2.0509915351867676, "test_loss": 2.1030900841173916}, "33": {"train_acc": 0.3434343434343434, "test_acc": 0.5787759300531459, "train_loss": 2.096447706222534, "test_loss": 2.076042919055275}, "34": {"train_acc": 0.5454545454545454, "test_acc": 0.5344305388879365, "train_loss": 2.0594723224639893, "test_loss": 2.0896573610927747}, "35": {"train_acc": 0.37373737373737376, "test_acc": 0.5338590776615807, "train_loss": 2.118643045425415, "test_loss": 2.0729790925979614}, "36": {"train_acc": 0.41414141414141414, "test_acc": 0.5997485570604034, "train_loss": 2.087409496307373, "test_loss": 2.0706863273744998}, "37": {"train_acc": 0.5555555555555556, "test_acc": 0.4472255557460426, "train_loss": 2.074841022491455, "test_loss": 2.087689324565556}, "38": {"train_acc": 0.48484848484848486, "test_acc": 0.48557060403451624, "train_loss": 2.070176601409912, "test_loss": 2.0828283506891}, "39": {"train_acc": 0.5858585858585859, "test_acc": 0.4448825647179839, "train_loss": 2.0703654289245605, "test_loss": 2.094197687895402}, "40": {"train_acc": 0.5454545454545454, "test_acc": 0.4419681124635694, "train_loss": 2.062436580657959, "test_loss": 2.088894468286763}, "41": {"train_acc": 0.5353535353535354, "test_acc": 0.44528258757643296, "train_loss": 2.0713753700256348, "test_loss": 2.088190762893013}, "42": {"train_acc": 0.5252525252525253, "test_acc": 0.5389450825761473, "train_loss": 2.0913305282592773, "test_loss": 2.06331068277359}, "43": {"train_acc": 0.37373737373737376, "test_acc": 0.552145836904966, "train_loss": 2.081173896789551, "test_loss": 2.07709081535754}, "44": {"train_acc": 0.48484848484848486, "test_acc": 0.5370592605291731, "train_loss": 2.0799522399902344, "test_loss": 2.0793072555376138}, "45": {"train_acc": 0.48484848484848486, "test_acc": 0.5339733699068518, "train_loss": 2.0869851112365723, "test_loss": 2.0773361299348916}, "46": {"train_acc": 0.43434343434343436, "test_acc": 0.52145836904966, "train_loss": 2.0798468589782715, "test_loss": 2.0795651726100757}, "47": {"train_acc": 0.6363636363636364, "test_acc": 0.49494256814675125, "train_loss": 2.0780038833618164, "test_loss": 2.079901099205017}, "48": {"train_acc": 0.46464646464646464, "test_acc": 0.4996285502028687, "train_loss": 2.0786261558532715, "test_loss": 2.0811989592469256}, "49": {"train_acc": 0.46464646464646464, "test_acc": 0.5230584604834562, "train_loss": 2.078808069229126, "test_loss": 2.079403244930765}, "50": {"train_acc": 0.5757575757575758, "test_acc": 0.4917423852791588, "train_loss": 2.07981014251709, "test_loss": 2.080074458018593}, "51": {"train_acc": 0.6161616161616161, "test_acc": 0.49494256814675125, "train_loss": 2.0590062141418457, "test_loss": 2.079745385957801}, "52": {"train_acc": 0.47474747474747475, "test_acc": 0.5159723412766444, "train_loss": 2.0798439979553223, "test_loss": 2.0792363311933433}, "53": {"train_acc": 0.48484848484848486, "test_acc": 0.5147151265786616, "train_loss": 2.0814459323883057, "test_loss": 2.078863473042198}, "54": {"train_acc": 0.6060606060606061, "test_acc": 0.5083719069661123, "train_loss": 2.0795702934265137, "test_loss": 2.079746238563372}, "55": {"train_acc": 0.46464646464646464, "test_acc": 0.5239727984456255, "train_loss": 2.0801162719726562, "test_loss": 2.079033716865208}, "56": {"train_acc": 0.5151515151515151, "test_acc": 0.4904280244585405, "train_loss": 2.0796375274658203, "test_loss": 2.079617782779362}, "57": {"train_acc": 0.5353535353535354, "test_acc": 0.48699925710040576, "train_loss": 2.078488349914551, "test_loss": 2.0802877649017004}, "58": {"train_acc": 0.47474747474747475,