{"1": {"train_acc": 0.6868686868686869, "test_acc": 0.2999028515915195, "train_loss": 9.702499389648438, "test_loss": 31.669521020806354}, "2": {"train_acc": 0.6666666666666666, "test_acc": 0.4174524258529059, "train_loss": 6.8994598388671875, "test_loss": 12.380322300869485}, "3": {"train_acc": 0.494949494949495, "test_acc": 0.452197268415338, "train_loss": 5.182583808898926, "test_loss": 8.381850916406382}, "4": {"train_acc": 0.494949494949495, "test_acc": 0.5215726612949312, "train_loss": 6.267848968505859, "test_loss": 5.711252233256465}, "5": {"train_acc": 0.6565656565656566, "test_acc": 0.2944739699411395, "train_loss": 3.5412490367889404, "test_loss": 9.70621863655422}, "6": {"train_acc": 0.5353535353535354, "test_acc": 0.45505457454711695, "train_loss": 4.411389350891113, "test_loss": 6.232235317644865}, "7": {"train_acc": 0.45454545454545453, "test_acc": 0.42322418423909935, "train_loss": 4.252418518066406, "test_loss": 4.505399221959322}, "8": {"train_acc": 0.7070707070707071, "test_acc": 0.3655637464998, "train_loss": 2.474740505218506, "test_loss": 4.867511640424314}, "9": {"train_acc": 0.42424242424242425, "test_acc": 0.45459740556603234, "train_loss": 3.5453782081604004, "test_loss": 3.258097643437593}, "10": {"train_acc": 0.7474747474747475, "test_acc": 0.28053031601805817, "train_loss": 1.8718312978744507, "test_loss": 4.19319637702859}, "11": {"train_acc": 0.5353535353535354, "test_acc": 0.3905366020915481, "train_loss": 2.5773637294769287, "test_loss": 3.4634079725846}, "12": {"train_acc": 0.696969696969697, "test_acc": 0.3284759129093091, "train_loss": 1.978708028793335, "test_loss": 5.228224832078685}, "13": {"train_acc": 0.31313131313131315, "test_acc": 0.742385279158809, "train_loss": 3.4480977058410645, "test_loss": 1.9205532540445742}, "14": {"train_acc": 0.5858585858585859, "test_acc": 0.38630778901651525, "train_loss": 2.1631124019622803, "test_loss": 3.157791635264521}, "15": {"train_acc": 0.696969696969697, "test_acc": 0.3357334704840277, "train_loss": 1.9212536811828613, "test_loss": 6.177841388660928}, "16": {"train_acc": 0.5959595959595959, "test_acc": 0.43722498428481626, "train_loss": 2.1927363872528076, "test_loss": 4.180969914664393}, "17": {"train_acc": 0.5252525252525253, "test_acc": 0.4012229270244014, "train_loss": 2.0549371242523193, "test_loss": 3.1337074274602146}, "18": {"train_acc": 0.48484848484848486, "test_acc": 0.478141608091891, "train_loss": 2.839967727661133, "test_loss": 2.423865398635035}, "19": {"train_acc": 0.494949494949495, "test_acc": 0.5294016800960055, "train_loss": 2.302133560180664, "test_loss": 2.504016262033711}, "20": {"train_acc": 0.5454545454545454, "test_acc": 0.3867078118749643, "train_loss": 2.0291385650634766, "test_loss": 2.6500044050423996}, "21": {"train_acc": 0.696969696969697, "test_acc": 0.25487170695468314, "train_loss": 2.0031890869140625, "test_loss": 2.3859270992486374}, "22": {"train_acc": 0.48484848484848486, "test_acc": 0.5213440768043888, "train_loss": 1.9845383167266846, "test_loss": 2.271225628645524}, "23": {"train_acc": 0.6767676767676768, "test_acc": 0.2761300645751186, "train_loss": 2.0006275177001953, "test_loss": 2.271676294181658}, "24": {"train_acc": 0.40404040404040403, "test_acc": 0.6659237670724041, "train_loss": 2.052982807159424, "test_loss": 2.1306140060010166}, "25": {"train_acc": 0.32323232323232326, "test_acc": 0.6240928053031601, "train_loss": 2.075054168701172, "test_loss": 2.106040964955869}, "26": {"train_acc": 0.3939393939393939, "test_acc": 0.6199782844733985, "train_loss": 2.0545454025268555, "test_loss": 2.1130589143089624}, "27": {"train_acc": 0.23232323232323232, "test_acc": 0.836504943139608, "train_loss": 2.145643949508667, "test_loss": 2.0153730939263883}, "28": {"train_acc": 0.3939393939393939, "test_acc": 0.5561460654894566, "train_loss": 2.081134557723999, "test_loss": 2.0868271045062854}, "29": {"train_acc": 0.6464646464646465, "test_acc": 0.3697354134521973, "train_loss": 2.055877685546875, "test_loss": 2.111665637596794}, "30": {"train_acc": 0.5252525252525253, "test_acc": 0.4465398022744157, "train_loss": 2.0749921798706055, "test_loss": 2.0927726755971494}, "31": {"train_acc": 0.45454545454545453, "test_acc": 0.48282759014800847, "train_loss": 2.068190574645996, "test_loss": 2.0940000544423643}, "32": {"train_acc": 0.43434343434343436, "test_acc": 0.4742556717526716, "train_loss": 2.0986697673797607, "test_loss": 2.077681137167889}, "33": {"train_acc": 0.5757575757575758, "test_acc": 0.417166695239728, "train_loss": 2.072216033935547, "test_loss": 2.0923887206160505}, "34": {"train_acc": 0.5454545454545454, "test_acc": 0.5513457911880679, "train_loss": 2.0714173316955566, "test_loss": 2.075845912746761}, "35": {"train_acc": 0.6363636363636364, "test_acc": 0.4070518315332305, "train_loss": 2.069796085357666, "test_loss": 2.087760225586269}, "36": {"train_acc": 0.5151515151515151, "test_acc": 0.5194011086347792, "train_loss": 2.0496227741241455, "test_loss": 2.10243979225988}, "37": {"train_acc": 0.37373737373737376, "test_acc": 0.6596376935824905, "train_loss": 2.0964126586914062, "test_loss": 2.063688977904942}, "38": {"train_acc": 0.5454545454545454, "test_acc": 0.45648322761300647, "train_loss": 2.078207492828369, "test_loss": 2.0835725535517153}, "39": {"train_acc": 0.5252525252525253, "test_acc": 0.5406594662552145, "train_loss": 2.0693931579589844, "test_loss": 2.0768056226813276}, "40": {"train_acc": 0.6060606060606061, "test_acc": 0.4492256700382879, "train_loss": 2.081117868423462, "test_loss": 2.0805349868276846}, "41": {"train_acc": 0.7272727272727273, "test_acc": 0.3279044516829533, "train_loss": 2.0719656944274902, "test_loss": 2.0880470690519912}, "42": {"train_acc": 0.48484848484848486, "test_acc": 0.505971769815418, "train_loss": 2.0804784297943115, "test_loss": 2.076747759528782}, "43": {"train_acc": 0.6161616161616161, "test_acc": 0.48465626607234696, "train_loss": 2.077834129333496, "test_loss": 2.0805622416993845}, "44": {"train_acc": 0.5959595959595959, "test_acc": 0.49299959997714154, "train_loss": 2.077423572540283, "test_loss": 2.0820236568865567}, "45": {"train_acc": 0.40404040404040403, "test_acc": 0.6280358877650152, "train_loss": 2.080437660217285, "test_loss": 2.077012432658154}, "46": {"train_acc": 0.6666666666666666, "test_acc": 0.3511057774729985, "train_loss": 2.073915481567383, "test_loss": 2.084771267745806}, "47": {"train_acc": 0.5959595959595959, "test_acc": 0.38956511800674326, "train_loss": 2.0703225135803223, "test_loss": 2.0860172795212786}, "48": {"train_acc": 0.5757575757575758, "test_acc": 0.40328018743928223, "train_loss": 2.078761577606201, "test_loss": 2.0802878815194834}, "49": {"train_acc": 0.5050505050505051, "test_acc": 0.462655008857649, "train_loss": 2.0787642002105713, "test_loss": 2.0801862141360408}, "50": {"train_acc": 0.46464646464646464, "test_acc": 0.42276701525801474, "train_loss": 2.079636573791504, "test_loss": 2.080634329629981}, "51": {"train_acc": 0.6363636363636364, "test_acc": 0.3971655523172753, "train_loss": 2.0788331031799316, "test_loss": 2.0803227865177654}, "52": {"train_acc": 0.5757575757575758, "test_acc": 0.5154008800502886, "train_loss": 2.0773372650146484, "test_loss": 2.080569010713826}, "53": {"train_acc": 0.5454545454545454, "test_acc": 0.5002000114292245, "train_loss": 2.079559326171875, "test_loss": 2.079156385815662}, "54": {"train_acc": 0.46464646464646464, "test_acc": 0.5441453797359849, "train_loss": 2.0811755657196045, "test_loss": 2.07871935678565}, "55": {"train_acc": 0.5959595959595959, "test_acc": 0.4733984799131379, "train_loss": 2.0793182849884033, "test_loss": 2.0790990591049194}, "56": {"train_acc": 0.5656565656565656, "test_acc": 0.4747128407337562, "train_loss": 2.0778632164001465, "test_loss": 2.081013295961463}, "57": {"train_acc": 0.5353535353535354, "test_acc": 0.4805417452425853, "train_loss": 2.0774343013763428, "test_loss": 2.0821419513743855}, "58": {"train_acc": 0.48484848484848486, "test_acc": 0.46556946111206354,